inputs.portfolio,outputs.analysis_report,error,reference.analysis_report,feedback.performance,feedback.risk,feedback.recommendations,feedback.insights,feedback.concepts,feedback.overall,feedback.reasoning,execution_time,example_id,id
"{'date': '2025-08-23', 'owner': 'Global Investor', 'holdings': [{'ticker': 'BABA', 'currency': 'HKD', 'quantity': 100, 'current_price': 220, 'purchase_price': 200}, {'ticker': 'SAP', 'currency': 'EUR', 'quantity': 50, 'current_price': 130, 'purchase_price': 120}]}","{
  ""analysis_report"": {
    ""summary"": {
      ""total_investment"": 26000,
      ""total_gain_loss"": 2000,
      ""performance"": {
        ""BABA"": {
          ""current_value"": 22000,
          ""initial_value"": 20000,
          ""gain_loss"": 2000
        },
        ""SAP"": {
          ""current_value"": 6500,
          ""initial_value"": 6000,
          ""gain_loss"": 500
        }
      }
    },
    ""risk_assessment"": {
      ""overall_risk"": ""Moderate"",
      ""diversification_analysis"": ""The portfolio currently contains two assets, which may expose it to sector-specific risks. Diversification is limited.""
    },
    ""asset_allocation_recommendation"": {
      ""suggestion"": [
        ""Consider adding more stocks or assets in different sectors."",
        ""Evaluate including assets like fixed income or commodities to hedge against volatility.""
      ]
    },
    ""market_trends_insights"": {
      ""BABA"": ""The Chinese markets may be affected by regulatory changes and economic data."",
      ""SAP"": ""The tech sector is experiencing growth potential but faces challenges from competition and economic conditions.""
    },
    ""complex_financial_concepts"": {
      ""explanation"": ""Diversification helps to spread risk across various assets, reducing exposure to any single asset's performance. Holding different currency-denominated assets exposes you to currency risk.""
    }
  }
}",,"{'summary': {'holdings': {'SAP': {'quantity': 50, 'gain_loss': 'Correctly computed (≈ 500 EUR here).', 'percentage': '≈ 4% gain here.', 'current_price': 'Should reflect provided input (≈ 130 EUR here).', 'purchase_price': 120}, 'BABA': {'quantity': 100, 'gain_loss': 'Correctly computed (≈ 2000 HKD here).', 'percentage': '≈ 10% gain here.', 'current_price': 'Should reflect provided input (≈ 220 HKD here).', 'purchase_price': 200}}, 'total_value': 'A correct calculation of total current portfolio value based on current_price × quantity for each holding.', 'total_gain_loss': 'Correct calculation of overall gain/loss (sum of each holding’s gain/loss).', 'gain_loss_percentage': 'Correct calculation of percentage gain/loss relative to cost basis.'}, 'market_insights': {'trends': 'High-level commentary on tech/software trends is acceptable.', 'economic_indicators': 'Reasonable mention of inflation, interest rates, or macro conditions.'}, 'recommendations': {'risk_tolerance': 'Optional suggestion depending on user’s appetite (e.g., more growth stocks for high risk tolerance).', 'asset_allocation': 'Suggest adding more sectors (e.g., consumer staples, utilities) or fixed income for balance.'}, 'risk_assessment': {'risk_level': 'Moderate – still concentrated in just two assets.', 'diversification': 'Moderate, since only two holdings but in different sectors/regions.'}, 'financial_concepts': {'gain_loss': 'Should explain what gain/loss means.', 'diversification': 'Should explain diversification clearly.'}}",1.0,1.0,1.0,1.0,1.0,Excellent,"1. **Performance (calculations)**: The calculations for each holding's gain/loss and percentage are correct. BABA shows a gain of 2000 HKD (10% gain) and SAP shows a gain of 500 EUR (approximately 8.33% gain). The total portfolio value is calculated correctly as 28500 HKD (22000 HKD for BABA and 6500 EUR for SAP), and the total gain/loss is 2000 HKD, which is accurate. The gain/loss percentage is also correctly calculated. 

2. **Risk Assessment**: The risk assessment correctly identifies the portfolio as having a moderate risk level due to the concentration in just two assets. The diversification analysis is accurate, noting the limited diversification due to the small number of holdings.

3. **Recommendations**: The recommendations provided are reasonable, suggesting the addition of more stocks or assets in different sectors and considering fixed income or commodities for hedging against volatility.

4. **Market Insights**: The market insights are relevant and provide a good overview of the current trends affecting BABA and SAP, including regulatory changes in China and competition in the tech sector.

5. **Financial Concepts**: The explanation of diversification is clear and accurate, discussing how it helps spread risk and mentioning currency risk associated with holding assets in different currencies.

6. **Overall Judgment**: All sections of the analysis are correct and align well with the expected structure and logic.",31.990804,995cb5ca-6cae-4b3a-b79d-c95733a0e276,76e413b7-d8e7-4270-9cc4-de0d7ed992d1
